,datetimestamp,AphA,Conn,Conn_WinTms,Hz,OutPFSet,OutPFSet_RmpTms,PF,PhVphA,Ris,St,StActCtl,VA,VAMax,VAr,VArMaxPct,VArPct_RmpTms,VRef,W,WH,WMaxLimPct,WMaxLimPct_RmpTms,DCV,DCA,DCW,time,day,hour,min,sec
0,2024-02-22 19:33:33,15.5,1,0,60,10,0,-100,239,655.35,4,0,3710.007,563.25,7,0,0,614.4,3710,82579568,100,0,371.95,10.2,3793.89,2024-02-22 13:33:33-06:00,3,13,33,33
1,2024-02-22 19:33:35,15.71,1,0,60,10,0,-100,239,655.35,4,0,3765.007,563.25,7,0,0,614.4,3765,82579568,100,0,369.1,10.6,3912.46,2024-02-22 13:33:35-06:00,3,13,33,35
2,2024-02-22 19:33:36,16.003,1,0,60,10,0,-100,239.067,655.35,4,0,3831.673,563.25,7,0,0,614.4,3831.667,82579568,100,0,371.75,10.7,3977.725,2024-02-22 13:33:36-06:00,3,13,33,36
3,2024-02-22 19:33:37,16.15,1,0,60,10,0,-100,239.1,655.35,4,0,3865.006,563.25,7,0,0,614.4,3865,82579568,100,0,371.75,10.7,3977.725,2024-02-22 13:33:37-06:00,3,13,33,37
4,2024-02-22 19:33:38,16.15,1,0,60,10,0,-100,239.1,655.35,4,0,3865.006,563.25,7,0,0,614.4,3865,82579568,100,0,369.1,10.63,3923.533,2024-02-22 13:33:38-06:00,3,13,33,38
5,2024-02-22 19:33:39,16.17,1,0,60,10,0,-100,239.2,655.35,4,0,3866.006,563.25,7,0,0,614.4,3866,82579576,100,0,369.1,10.63,3923.533,2024-02-22 13:33:39-06:00,3,13,33,39
6,2024-02-22 19:33:41,15.79,1,0,60,10,0,-100,239.1,655.35,4,0,3764.005,563.25,6,0,0,614.4,3764,82579576,100,0,371.4,10.2,3788.28,2024-02-22 13:33:41-06:00,3,13,33,41
7,2024-02-22 19:33:42,15.555,1,0,60,10,0,-100,239.05,655.35,4,0,3713.006,563.25,6.5,0,0,614.4,3713,82579576,100,0,368.85,10.11,3729.074,2024-02-22 13:33:42-06:00,3,13,33,42
8,2024-02-22 19:33:43,15.32,1,0,60,10,0,-100,239,655.35,4,0,3662.007,563.25,7,0,0,614.4,3662,82579576,100,0,368.85,10.11,3729.074,2024-02-22 13:33:43-06:00,3,13,33,43
9,2024-02-22 19:33:44,15.32,1,0,60,10,0,-100,239,655.35,4,0,3662.007,563.25,7,0,0,614.4,3662,82579576,100,0,371.2,10.06,3734.272,2024-02-22 13:33:44-06:00,3,13,33,44
10,2024-02-22 19:33:46,15.2,1,0,60,10,0,-100,239,655.35,4,0,3632.005,563.25,6,0,0,614.4,3632,82579576,100,0,368.4,10.02,3691.368,2024-02-22 13:33:46-06:00,3,13,33,46
11,2024-02-22 19:33:47,15.2,1,0,60,10,0,-100,239,655.35,4,0,3632.005,563.25,6,0,0,614.4,3632,82579576,100,0,368.4,10.02,3691.368,2024-02-22 13:33:47-06:00,3,13,33,47
12,2024-02-22 19:33:48,15.143,1,0,60.003,10,0,-100,239,655.35,4,0,3617.005,563.25,6,0,0,614.4,3617,82579576,100,0,371.2,9.83,3648.896,2024-02-22 13:33:48-06:00,3,13,33,48
13,2024-02-22 19:33:49,15.03,1,0,60.01,10,0,-100,239,655.35,4,0,3587.005,563.25,6,0,0,614.4,3587,82579576,100,0,371.2,9.83,3648.896,2024-02-22 13:33:49-06:00,3,13,33,49
14,2024-02-22 19:33:50,15.03,1,0,60.01,10,0,-100,239,655.35,4,0,3587.005,563.25,6,0,0,614.4,3587,82579576,100,0,368.1,9.74,3585.294,2024-02-22 13:33:50-06:00,3,13,33,50
15,2024-02-22 19:33:52,14.69,1,0,60.01,10,0,-100,239,655.35,4,0,3508.005,563.25,6,0,0,614.4,3508,82579584,100,0,371.6,9.7,3604.52,2024-02-22 13:33:52-06:00,3,13,33,52
16,2024-02-22 19:33:53,14.69,1,0,60.01,10,0,-100,239,655.35,4,0,3508.005,563.25,6,0,0,614.4,3508,82579584,100,0,371.6,9.7,3604.52,2024-02-22 13:33:53-06:00,3,13,33,53
17,2024-02-22 19:33:54,14.693,1,0,60.007,10,0,-100,239,655.35,4,0,3508.672,563.25,6,0,0,614.4,3508.667,82579584,100,0,367.5,9.81,3605.175,2024-02-22 13:33:54-06:00,3,13,33,54
18,2024-02-22 19:33:55,14.7,1,0,60,10,0,-100,239,655.35,4,0,3510.005,563.25,6,0,0,614.4,3510,82579584,100,0,367.5,9.81,3605.175,2024-02-22 13:33:55-06:00,3,13,33,55
19,2024-02-22 19:33:57,15.01,1,0,60,10,0,-100,239,655.35,4,0,3584.005,563.25,6,0,0,614.4,3584,82579592,100,0,371.3,10.04,3727.852,2024-02-22 13:33:57-06:00,3,13,33,57
20,2024-02-22 19:33:58,15.363,1,0,60,10,0,-100,239,655.35,4,0,3665.338,563.25,6,0,0,614.4,3665.333,82579592,100,0,367.5,10.53,3869.775,2024-02-22 13:33:58-06:00,3,13,33,58
21,2024-02-22 19:33:59,15.54,1,0,60,10,0,-100,239,655.35,4,0,3706.005,563.25,6,0,0,614.4,3706,82579592,100,0,367.5,10.53,3869.775,2024-02-22 13:33:59-06:00,3,13,33,59
22,2024-02-22 19:34:00,15.54,1,0,60,10,0,-100,239,655.35,4,0,3706.005,563.25,6,0,0,614.4,3706,82579592,100,0,371.95,11.09,4124.925,2024-02-22 13:34:00-06:00,3,13,34,0
23,2024-02-22 19:34:01,16.42,1,0,60,10,0,-100,239.1,655.35,4,0,3898.006,563.25,7,0,0,614.4,3898,82579592,100,0,371.95,11.09,4124.925,2024-02-22 13:34:01-06:00,3,13,34,1
24,2024-02-22 19:34:03,17.67,1,0,59.99,10,0,-100,239.2,655.35,4,0,4210.008,563.25,8,0,0,614.4,4210,82579600,100,0,373.2,12.1,4515.72,2024-02-22 13:34:03-06:00,3,13,34,3
25,2024-02-22 19:34:04,19.017,1,0,59.99,10,0,-100,239.467,655.35,4,0,4527.343,563.25,9.333,0,0,614.4,4527.333,82579600,100,0,373.45,13.82,5161.079,2024-02-22 13:34:04-06:00,3,13,34,4
26,2024-02-22 19:34:05,19.69,1,0,59.99,10,0,-100,239.6,655.35,4,0,4686.011,563.25,10,0,0,614.4,4686,82579600,100,0,373.45,13.82,5161.079,2024-02-22 13:34:05-06:00,3,13,34,5
27,2024-02-22 19:34:06,19.69,1,0,59.99,10,0,-100,239.6,655.35,4,0,4686.011,563.25,10,0,0,614.4,4686,82579600,100,0,373.55,15.72,5872.206,2024-02-22 13:34:06-06:00,3,13,34,6
28,2024-02-22 19:34:08,25.3,1,0,59.99,10,0,-100,240.6,655.35,4,0,6088.016,563.25,14,0,0,614.4,6088,82579608,100,0,375.75,16.94,6365.205,2024-02-22 13:34:08-06:00,3,13,34,8
29,2024-02-22 19:34:09,25.3,1,0,59.99,10,0,-100,240.6,655.35,4,0,6088.016,563.25,14,0,0,614.4,6088,82579608,100,0,375.75,16.94,6365.205,2024-02-22 13:34:09-06:00,3,13,34,9
30,2024-02-22 19:34:10,25.713,1,0,59.99,10,0,-100,240.733,655.35,4,0,6190.019,563.25,15.333,0,0,614.4,6190,82579608,100,0,376.35,16.66,6269.991,2024-02-22 13:34:10-06:00,3,13,34,10
31,2024-02-22 19:34:11,25.92,1,0,59.99,10,0,-100,240.8,655.35,4,0,6241.021,563.25,16,0,0,614.4,6241,82579608,100,0,376.35,16.66,6269.991,2024-02-22 13:34:11-06:00,3,13,34,11
32,2024-02-22 19:34:12,25.92,1,0,59.99,10,0,-100,240.8,655.35,4,0,6241.021,563.25,16,0,0,614.4,6241,82579608,100,0,374.5,16,5992,2024-02-22 13:34:12-06:00,3,13,34,12
33,2024-02-22 19:34:14,24.6,1,0,59.99,10,0,-100,240.2,655.35,4,0,5908.017,563.25,14,0,0,614.4,5908,82579616,100,0,373,16.58,6184.34,2024-02-22 13:34:14-06:00,3,13,34,14
34,2024-02-22 19:34:15,24.6,1,0,59.99,10,0,-100,240.2,655.35,4,0,5908.017,563.25,14,0,0,614.4,5908,82579616,100,0,373,16.58,6184.34,2024-02-22 13:34:15-06:00,3,13,34,15
35,2024-02-22 19:34:16,24.6,1,0,59.99,10,0,-100,240.2,655.35,4,0,5908.017,563.25,14.333,0,0,614.4,5908,82579616,100,0,373,17.23,6426.79,2024-02-22 13:34:16-06:00,3,13,34,16
36,2024-02-22 19:34:17,24.6,1,0,59.99,10,0,-100,240.2,655.35,4,0,5908.019,563.25,15,0,0,614.4,5908,82579616,100,0,373,17.23,6426.79,2024-02-22 13:34:17-06:00,3,13,34,17
37,2024-02-22 19:34:18,24.6,1,0,59.99,10,0,-100,240.2,655.35,4,0,5908.019,563.25,15,0,0,614.4,5908,82579616,100,0,374.15,18.15,6790.822,2024-02-22 13:34:18-06:00,3,13,34,18
38,2024-02-22 19:34:20,26.95,1,0,59.98,10,0,-100,240.5,655.35,4,0,6474.02,563.25,16,0,0,614.4,6474,82579624,100,0,375.9,19.15,7198.485,2024-02-22 13:34:20-06:00,3,13,34,20
39,2024-02-22 19:34:21,26.95,1,0,59.98,10,0,-100,240.5,655.35,4,0,6474.02,563.25,16,0,0,614.4,6474,82579624,100,0,375.9,19.15,7198.485,2024-02-22 13:34:21-06:00,3,13,34,21
40,2024-02-22 19:34:22,27.423,1,0,59.98,10,0,-100,240.567,655.35,4,0,6593.354,563.25,16.667,0,0,614.4,6593.333,82579626.667,100,0,374.25,20.35,7615.988,2024-02-22 13:34:22-06:00,3,13,34,22
41,2024-02-22 19:34:23,28.37,1,0,59.98,10,0,-100,240.7,655.35,4,0,6832.024,563.25,18,0,0,614.4,6832,82579632,100,0,374.25,20.35,7615.988,2024-02-22 13:34:23-06:00,3,13,34,23
42,2024-02-22 19:34:25,30.17,1,0,59.98,10,0,-100,241.1,655.35,4,0,7298.022,563.25,18,0,0,614.4,7298,82579632,100,0,377,20.35,7671.95,2024-02-22 13:34:25-06:00,3,13,34,25
43,2024-02-22 19:34:26,31.78,1,0,59.98,10,0,-100,241.4,655.35,4,0,7690.026,563.25,20,0,0,614.4,7690,82579640,100,0,376.75,21.25,8005.938,2024-02-22 13:34:26-06:00,3,13,34,26
44,2024-02-22 19:34:27,31.78,1,0,59.98,10,0,-100,241.4,655.35,4,0,7690.026,563.25,20,0,0,614.4,7690,82579640,100,0,376.75,21.25,8005.938,2024-02-22 13:34:27-06:00,3,13,34,27
45,2024-02-22 19:34:28,32,1,0,59.98,10,0,-100,241.467,655.35,4,0,7740.693,563.25,20.333,0,0,614.4,7740.667,82579640,100,0,376.45,21.34,8033.443,2024-02-22 13:34:28-06:00,3,13,34,28
46,2024-02-22 19:34:29,32.44,1,0,59.98,10,0,-100,241.6,655.35,4,0,7842.028,563.25,21,0,0,614.4,7842,82579640,100,0,376.45,21.34,8033.443,2024-02-22 13:34:29-06:00,3,13,34,29
47,2024-02-22 19:34:31,32.63,1,0,59.98,10,0,-100,241.6,655.35,4,0,7884.023,563.25,19,0,0,614.4,7884,82579640,100,0,376.4,21.44,8070.016,2024-02-22 13:34:31-06:00,3,13,34,31
48,2024-02-22 19:34:32,32.73,1,0,59.98,10,0,-100,241.6,655.35,4,0,7906.691,563.25,19.667,0,0,614.4,7906.667,82579645.333,100,0,376.4,21.54,8107.656,2024-02-22 13:34:32-06:00,3,13,34,32
49,2024-02-22 19:34:33,32.78,1,0,59.98,10,0,-100,241.6,655.35,4,0,7918.025,563.25,20,0,0,614.4,7918,82579648,100,0,376.4,21.54,8107.656,2024-02-22 13:34:33-06:00,3,13,34,33
50,2024-02-22 19:34:34,32.78,1,0,59.98,10,0,-100,241.6,655.35,4,0,7918.025,563.25,20,0,0,614.4,7918,82579648,100,0,376.4,21.66,8152.824,2024-02-22 13:34:34-06:00,3,13,34,34
51,2024-02-22 19:34:35,32.98,1,0,59.98,10,0,-100,241.7,655.35,4,0,7974.022,563.25,19,0,0,614.4,7974,82579656,100,0,376.4,21.66,8152.824,2024-02-22 13:34:35-06:00,3,13,34,35
52,2024-02-22 19:34:37,32.99,1,0,59.98,10,0,-100,241.7,655.35,4,0,7976.021,563.25,18,0,0,614.4,7976,82579664,100,0,376.3,21.64,8143.132,2024-02-22 13:34:37-06:00,3,13,34,37
53,2024-02-22 19:34:38,32.943,1,0,59.973,10,0,-100,241.7,655.35,4,0,7965.354,563.25,18,0,0,614.4,7965.333,82579664,100,0,375.45,21.78,8177.301,2024-02-22 13:34:38-06:00,3,13,34,38
54,2024-02-22 19:34:39,32.92,1,0,59.97,10,0,-100,241.7,655.35,4,0,7960.021,563.25,18,0,0,614.4,7960,82579664,100,0,375.45,21.78,8177.301,2024-02-22 13:34:39-06:00,3,13,34,39
55,2024-02-22 19:34:40,32.92,1,0,59.97,10,0,-100,241.7,655.35,4,0,7960.021,563.25,18,0,0,614.4,7960,82579664,100,0,373.65,21.6,8070.84,2024-02-22 13:34:40-06:00,3,13,34,40
56,2024-02-22 19:34:42,32.77,1,0,59.97,10,0,-100,241.7,655.35,4,0,7920.025,563.25,20,0,0,614.4,7920,82579672,100,0,375.4,21.71,8149.934,2024-02-22 13:34:42-06:00,3,13,34,42
57,2024-02-22 19:34:43,32.77,1,0,59.97,10,0,-100,241.7,655.35,4,0,7920.025,563.25,20,0,0,614.4,7920,82579672,100,0,375.4,21.71,8149.934,2024-02-22 13:34:43-06:00,3,13,34,43
58,2024-02-22 19:34:44,32.763,1,0,59.97,10,0,-100,241.667,655.35,4,0,7919.025,563.25,20,0,0,614.4,7919,82579672,100,0,373.5,21.56,8052.66,2024-02-22 13:34:44-06:00,3,13,34,44
59,2024-02-22 19:34:45,32.75,1,0,59.97,10,0,-100,241.6,655.35,4,0,7917.025,563.25,20,0,0,614.4,7917,82579672,100,0,373.5,21.56,8052.66,2024-02-22 13:34:45-06:00,3,13,34,45
60,2024-02-22 19:34:47,32.74,1,0,59.97,10,0,-100,241.7,655.35,4,0,7916.021,563.25,18,0,0,614.4,7916,82579680,100,0,375.35,21.69,8141.342,2024-02-22 13:34:47-06:00,3,13,34,47
61,2024-02-22 19:34:48,32.79,1,0,59.98,10,0,-100,241.7,655.35,4,0,7926.023,563.25,19,0,0,614.4,7926,82579688,100,0,373.7,21.58,8064.446,2024-02-22 13:34:48-06:00,3,13,34,48
62,2024-02-22 19:34:49,32.79,1,0,59.98,10,0,-100,241.7,655.35,4,0,7926.023,563.25,19,0,0,614.4,7926,82579688,100,0,373.7,21.58,8064.446,2024-02-22 13:34:49-06:00,3,13,34,49
63,2024-02-22 19:34:50,32.79,1,0,59.98,10,0,-100,241.7,655.35,4,0,7926.023,563.25,19,0,0,614.4,7926,82579688,100,0,375.4,21.69,8142.426,2024-02-22 13:34:50-06:00,3,13,34,50
64,2024-02-22 19:34:51,32.76,1,0,59.98,10,0,-100,241.7,655.35,4,0,7919.025,563.25,20,0,0,614.4,7919,82579696,100,0,375.4,21.69,8142.426,2024-02-22 13:34:51-06:00,3,13,34,51
65,2024-02-22 19:34:53,32.72,1,0,59.98,10,0,-100,241.7,655.35,4,0,7910.023,563.25,19,0,0,614.4,7910,82579696,100,0,372.6,21.64,8063.064,2024-02-22 13:34:53-06:00,3,13,34,53
66,2024-02-22 19:34:54,32.667,1,0,59.98,10,0,-100,241.7,655.35,4,0,7896.69,563.25,19,0,0,614.4,7896.667,82579701.333,100,0,372.65,21.63,8060.42,2024-02-22 13:34:54-06:00,3,13,34,54
67,2024-02-22 19:34:55,32.64,1,0,59.98,10,0,-100,241.7,655.35,4,0,7890.023,563.25,19,0,0,614.4,7890,82579704,100,0,372.65,21.63,8060.42,2024-02-22 13:34:55-06:00,3,13,34,55
68,2024-02-22 19:34:56,32.64,1,0,59.98,10,0,-100,241.7,655.35,4,0,7890.023,563.25,19,0,0,614.4,7890,82579704,100,0,372.5,21.46,7993.85,2024-02-22 13:34:56-06:00,3,13,34,56
69,2024-02-22 19:34:58,32.38,1,0,59.98,10,0,-100,241.6,655.35,4,0,7827.021,563.25,18,0,0,614.4,7827,82579704,100,0,372.5,21.46,7993.85,2024-02-22 13:34:58-06:00,3,13,34,58
70,2024-02-22 19:34:59,32.38,1,0,59.98,10,0,-100,241.6,655.35,4,0,7827.021,563.25,18,0,0,614.4,7827,82579704,100,0,372.5,21.46,7993.85,2024-02-22 13:34:59-06:00,3,13,34,59
71,2024-02-22 19:35:00,32.3,1,0,59.985,10,0,-100,241.6,655.35,4,0,7808.021,563.25,18,0,0,614.4,7808,82579708,100,0,372.4,21.26,7917.224,2024-02-22 13:35:00-06:00,3,13,35,0
72,2024-02-22 19:35:01,32.22,1,0,59.99,10,0,-100,241.6,655.35,4,0,7789.021,563.25,18,0,0,614.4,7789,82579712,100,0,372.4,21.26,7917.224,2024-02-22 13:35:01-06:00,3,13,35,1
73,2024-02-22 19:35:02,32.22,1,0,59.99,10,0,-100,241.6,655.35,4,0,7789.021,563.25,18,0,0,614.4,7789,82579712,100,0,372.35,21.18,7886.373,2024-02-22 13:35:02-06:00,3,13,35,2
74,2024-02-22 19:35:04,31.76,1,0,59.99,10,0,-100,241.4,655.35,4,0,7670.026,563.25,20,0,0,614.4,7670,82579728,100,0,372.25,20.92,7787.47,2024-02-22 13:35:04-06:00,3,13,35,4
75,2024-02-22 19:35:05,31.76,1,0,59.99,10,0,-100,241.4,655.35,4,0,7670.026,563.25,20,0,0,614.4,7670,82579728,100,0,372.25,20.92,7787.47,2024-02-22 13:35:05-06:00,3,13,35,5
76,2024-02-22 19:35:06,31.687,1,0,59.99,10,0,-100,241.4,655.35,4,0,7652.024,563.25,19.333,0,0,614.4,7652,82579728,100,0,372.3,20.87,7769.901,2024-02-22 13:35:06-06:00,3,13,35,6
77,2024-02-22 19:35:07,31.54,1,0,59.99,10,0,-100,241.4,655.35,4,0,7616.021,563.25,18,0,0,614.4,7616,82579728,100,0,372.3,20.87,7769.901,2024-02-22 13:35:07-06:00,3,13,35,7
78,2024-02-22 19:35:09,31.36,1,0,59.99,10,0,-100,241.4,655.35,4,0,7574.024,563.25,19,0,0,614.4,7574,82579736,100,0,372.15,20.66,7688.619,2024-02-22 13:35:09-06:00,3,13,35,9
79,2024-02-22 19:35:10,31.08,1,0,59.99,10,0,-100,241.3,655.35,4,0,7504.021,563.25,18,0,0,614.4,7504,82579736,100,0,372.1,20.56,7650.376,2024-02-22 13:35:10-06:00,3,13,35,10
80,2024-02-22 19:35:11,31.08,1,0,59.99,10,0,-100,241.3,655.35,4,0,7504.021,563.25,18,0,0,614.4,7504,82579736,100,0,372.1,20.56,7650.376,2024-02-22 13:35:11-06:00,3,13,35,11
81,2024-02-22 19:35:12,31.08,1,0,59.99,10,0,-100,241.3,655.35,4,0,7504.023,563.25,18.667,0,0,614.4,7504,82579736,100,0,371.5,20.26,7526.59,2024-02-22 13:35:12-06:00,3,13,35,12
82,2024-02-22 19:35:13,31.08,1,0,59.99,10,0,-100,241.3,655.35,4,0,7504.027,563.25,20,0,0,614.4,7504,82579736,100,0,371.5,20.26,7526.59,2024-02-22 13:35:13-06:00,3,13,35,13
83,2024-02-22 19:35:15,30.79,1,0,59.99,10,0,-100,241.2,655.35,4,0,7434.02,563.25,17,0,0,614.4,7434,82579736,100,0,372.45,20.14,7501.143,2024-02-22 13:35:15-06:00,3,13,35,15
84,2024-02-22 19:35:16,30.5,1,0,59.99,10,0,-100,241.1,655.35,4,0,7358.018,563.25,16,0,0,614.4,7358,82579744,100,0,371.8,19.95,7417.41,2024-02-22 13:35:16-06:00,3,13,35,16
85,2024-02-22 19:35:17,30.5,1,0,59.99,10,0,-100,241.1,655.35,4,0,7358.018,563.25,16,0,0,614.4,7358,82579744,100,0,371.8,19.95,7417.41,2024-02-22 13:35:17-06:00,3,13,35,17
86,2024-02-22 19:35:18,30.413,1,0,59.99,10,0,-100,241.1,655.35,4,0,7336.018,563.25,16,0,0,614.4,7336,82579746.667,100,0,372.05,19.95,7422.398,2024-02-22 13:35:18-06:00,3,13,35,18
87,2024-02-22 19:35:19,30.24,1,0,59.99,10,0,-100,241.1,655.35,4,0,7292.018,563.25,16,0,0,614.4,7292,82579752,100,0,372.05,19.95,7422.398,2024-02-22 13:35:19-06:00,3,13,35,19
88,2024-02-22 19:35:21,30.01,1,0,59.99,10,0,-100,241.1,655.35,4,0,7240.022,563.25,18,0,0,614.4,7240,82579752,100,0,372.05,19.81,7370.31,2024-02-22 13:35:21-06:00,3,13,35,21
89,2024-02-22 19:35:22,29.81,1,0,59.99,10,0,-100,241.1,655.35,4,0,7192.686,563.25,16.667,0,0,614.4,7192.667,82579757.333,100,0,372,19.53,7265.16,2024-02-22 13:35:22-06:00,3,13,35,22
90,2024-02-22 19:35:23,29.71,1,0,59.99,10,0,-100,241.1,655.35,4,0,7169.018,563.25,16,0,0,614.4,7169,82579760,100,0,372,19.53,7265.16,2024-02-22 13:35:23-06:00,3,13,35,23
91,2024-02-22 19:35:24,29.71,1,0,59.99,10,0,-100,241.1,655.35,4,0,7169.018,563.25,16,0,0,614.4,7169,82579760,100,0,372,19.33,7190.76,2024-02-22 13:35:24-06:00,3,13,35,24
92,2024-02-22 19:35:25,29.32,1,0,59.99,10,0,-100,241,655.35,4,0,7070.018,563.25,16,0,0,614.4,7070,82579760,100,0,372,19.33,7190.76,2024-02-22 13:35:25-06:00,3,13,35,25
93,2024-02-22 19:35:27,28.94,1,0,60,10,0,-100,241,655.35,4,0,6974.023,563.25,18,0,0,614.4,6974,82579768,100,0,371.9,18.97,7054.943,2024-02-22 13:35:27-06:00,3,13,35,27
94,2024-02-22 19:35:28,28.653,1,0,60,10,0,-100,240.933,655.35,4,0,6902.02,563.25,16.667,0,0,614.4,6902,82579768,100,0,371.9,18.77,6980.563,2024-02-22 13:35:28-06:00,3,13,35,28
95,2024-02-22 19:35:29,28.51,1,0,60,10,0,-100,240.9,655.35,4,0,6866.019,563.25,16,0,0,614.4,6866,82579768,100,0,371.9,18.77,6980.563,2024-02-22 13:35:29-06:00,3,13,35,29
96,2024-02-22 19:35:30,28.51,1,0,60,10,0,-100,240.9,655.35,4,0,6866.019,563.25,16,0,0,614.4,6866,82579768,100,0,371.8,18.44,6855.992,2024-02-22 13:35:30-06:00,3,13,35,30
97,2024-02-22 19:35:31,28.1,1,0,60,10,0,-100,240.7,655.35,4,0,6766.019,563.25,16,0,0,614.4,6766,82579768,100,0,371.8,18.44,6855.992,2024-02-22 13:35:31-06:00,3,13,35,31
98,2024-02-22 19:35:33,27.76,1,0,59.99,10,0,-100,240.6,655.35,4,0,6680.019,563.25,16,0,0,614.4,6680,82579776,100,0,371.8,18.28,6796.504,2024-02-22 13:35:33-06:00,3,13,35,33
99,2024-02-22 19:35:34,27.48,1,0,59.99,10,0,-100,240.6,655.35,4,0,6612.016,563.25,14.667,0,0,614.4,6612,82579781.333,100,0,371.6,17.92,6659.072,2024-02-22 13:35:34-06:00,3,13,35,34
100,2024-02-22 19:35:35,27.34,1,0,59.99,10,0,-100,240.6,655.35,4,0,6578.015,563.25,14,0,0,614.4,6578,82579784,100,0,371.6,17.92,6659.072,2024-02-22 13:35:35-06:00,3,13,35,35
101,2024-02-22 19:35:36,27.34,1,0,59.99,10,0,-100,240.6,655.35,4,0,6578.015,563.25,14,0,0,614.4,6578,82579784,100,0,371.7,17.66,6564.222,2024-02-22 13:35:36-06:00,3,13,35,36
102,2024-02-22 19:35:38,26.37,1,0,59.99,10,0,-100,240.4,655.35,4,0,6344.016,563.25,14,0,0,614.4,6344,82579792,100,0,371.5,17.23,6400.945,2024-02-22 13:35:38-06:00,3,13,35,38
103,2024-02-22 19:35:39,26.37,1,0,59.99,10,0,-100,240.4,655.35,4,0,6344.016,563.25,14,0,0,614.4,6344,82579792,100,0,371.5,17.23,6400.945,2024-02-22 13:35:39-06:00,3,13,35,39
104,2024-02-22 19:35:40,26.16,1,0,59.99,10,0,-100,240.367,655.35,4,0,6291.349,563.25,14,0,0,614.4,6291.333,82579792,100,0,371.5,16.83,6252.345,2024-02-22 13:35:40-06:00,3,13,35,40
105,2024-02-22 19:35:41,25.74,1,0,59.99,10,0,-100,240.3,655.35,4,0,6186.016,563.25,14,0,0,614.4,6186,82579792,100,0,371.5,16.83,6252.345,2024-02-22 13:35:41-06:00,3,13,35,41
106,2024-02-22 19:35:43,25.02,1,0,59.99,10,0,-100,240.2,655.35,4,0,6000.019,563.25,15,0,0,614.4,6000,82579800,100,0,371.35,16.24,6030.724,2024-02-22 13:35:43-06:00,3,13,35,43
107,2024-02-22 19:35:44,24.36,1,0,60,10,0,-100,240,655.35,4,0,5850.017,563.25,14,0,0,614.4,5850,82579800,100,0,371.45,15.97,5932.057,2024-02-22 13:35:44-06:00,3,13,35,44
108,2024-02-22 19:35:45,24.36,1,0,60,10,0,-100,240,655.35,4,0,5850.017,563.25,14,0,0,614.4,5850,82579800,100,0,371.45,15.97,5932.057,2024-02-22 13:35:45-06:00,3,13,35,45
109,2024-02-22 19:35:46,24.193,1,0,60,10,0,-100,239.933,655.35,4,0,5808.016,563.25,13.667,0,0,614.4,5808,82579800,100,0,371.35,15.55,5774.492,2024-02-22 13:35:46-06:00,3,13,35,46
110,2024-02-22 19:35:47,23.86,1,0,60,10,0,-100,239.8,655.35,4,0,5724.015,563.25,13,0,0,614.4,5724,82579800,100,0,371.35,15.55,5774.492,2024-02-22 13:35:47-06:00,3,13,35,47
111,2024-02-22 19:35:49,23.28,1,0,60,10,0,-100,239.7,655.35,4,0,5572.011,563.25,11,0,0,614.4,5572,82579800,100,0,371.25,15.18,5635.575,2024-02-22 13:35:49-06:00,3,13,35,49
112,2024-02-22 19:35:50,22.927,1,0,60,10,0,-100,239.633,655.35,4,0,5492.01,563.25,10.333,0,0,614.4,5492,82579805.333,100,0,371.2,14.97,5556.864,2024-02-22 13:35:50-06:00,3,13,35,50
113,2024-02-22 19:35:51,22.75,1,0,60,10,0,-100,239.6,655.35,4,0,5452.009,563.25,10,0,0,614.4,5452,82579808,100,0,371.2,14.97,5556.864,2024-02-22 13:35:51-06:00,3,13,35,51
114,2024-02-22 19:35:52,22.75,1,0,60,10,0,-100,239.6,655.35,4,0,5452.009,563.25,10,0,0,614.4,5452,82579808,100,0,371.4,15.48,5749.272,2024-02-22 13:35:52-06:00,3,13,35,52
115,2024-02-22 19:35:54,23.95,1,0,60,10,0,-100,239.8,655.35,4,0,5759.009,563.25,10,0,0,614.4,5759,82579816,100,0,371.45,16.21,6021.205,2024-02-22 13:35:54-06:00,3,13,35,54
116,2024-02-22 19:35:55,23.95,1,0,60,10,0,-100,239.8,655.35,4,0,5759.009,563.25,10,0,0,614.4,5759,82579816,100,0,371.45,16.21,6021.205,2024-02-22 13:35:55-06:00,3,13,35,55
117,2024-02-22 19:35:56,24.363,1,0,60,10,0,-100,239.9,655.35,4,0,5852.678,563.25,11.333,0,0,614.4,5852.667,82579816,100,0,371.4,17.02,6321.228,2024-02-22 13:35:56-06:00,3,13,35,56
118,2024-02-22 19:35:57,25.19,1,0,60,10,0,-100,240.1,655.35,4,0,6040.016,563.25,14,0,0,614.4,6040,82579816,100,0,371.4,17.02,6321.228,2024-02-22 13:35:57-06:00,3,13,35,57
119,2024-02-22 19:35:59,26.08,1,0,60,10,0,-100,240.3,655.35,4,0,6257.018,563.25,15,0,0,614.4,6257,82579816,100,0,371.2,17.35,6440.32,2024-02-22 13:35:59-06:00,3,13,35,59
120,2024-02-22 19:36:00,26.27,1,0,60,10,0,-100,240.4,655.35,4,0,6314.018,563.25,15,0,0,614.4,6314,82579832,100,0,371.05,17.47,6482.244,2024-02-22 13:36:00-06:00,3,13,36,0
121,2024-02-22 19:36:01,26.27,1,0,60,10,0,-100,240.4,655.35,4,0,6314.018,563.25,15,0,0,614.4,6314,82579832,100,0,371.05,17.47,6482.244,2024-02-22 13:36:01-06:00,3,13,36,1
122,2024-02-22 19:36:02,26.33,1,0,60,10,0,-100,240.367,655.35,4,0,6326.684,563.25,15,0,0,614.4,6326.667,82579832,100,0,371.05,17.55,6511.928,2024-02-22 13:36:02-06:00,3,13,36,2
123,2024-02-22 19:36:03,26.45,1,0,60,10,0,-100,240.3,655.35,4,0,6352.018,563.25,15,0,0,614.4,6352,82579832,100,0,371.05,17.55,6511.928,2024-02-22 13:36:03-06:00,3,13,36,3
124,2024-02-22 19:36:05,26.45,1,0,60,10,0,-100,240.3,655.35,4,0,6352.016,563.25,14,0,0,614.4,6352,82579832,100,0,372.35,17.91,6668.789,2024-02-22 13:36:05-06:00,3,13,36,5
125,2024-02-22 19:36:06,27.13,1,0,60.01,10,0,-100,240.5,655.35,4,0,6526.015,563.25,14,0,0,614.4,6526,82579832,100,0,370.85,17.96,6660.466,2024-02-22 13:36:06-06:00,3,13,36,6
126,2024-02-22 19:36:07,27.13,1,0,60.01,10,0,-100,240.5,655.35,4,0,6526.015,563.25,14,0,0,614.4,6526,82579832,100,0,370.85,17.96,6660.466,2024-02-22 13:36:07-06:00,3,13,36,7
127,2024-02-22 19:36:08,27.13,1,0,60.01,10,0,-100,240.5,655.35,4,0,6526.015,563.25,14,0,0,614.4,6526,82579832,100,0,372.1,17.9,6660.59,2024-02-22 13:36:08-06:00,3,13,36,8
128,2024-02-22 19:36:09,27.13,1,0,60.01,10,0,-100,240.5,655.35,4,0,6526.015,563.25,14,0,0,614.4,6526,82579832,100,0,372.1,17.9,6660.59,2024-02-22 13:36:09-06:00,3,13,36,9
129,2024-02-22 19:36:11,27.06,1,0,60.01,10,0,-100,240.5,655.35,4,0,6510.015,563.25,14,0,0,614.4,6510,82579840,100,0,370.8,17.9,6637.32,2024-02-22 13:36:11-06:00,3,13,36,11
130,2024-02-22 19:36:12,26.853,1,0,60.01,10,0,-100,240.433,655.35,4,0,6458.015,563.25,14,0,0,614.4,6458,82579840,100,0,370.65,17.58,6516.027,2024-02-22 13:36:12-06:00,3,13,36,12
131,2024-02-22 19:36:13,26.75,1,0,60.01,10,0,-100,240.4,655.35,4,0,6432.015,563.25,14,0,0,614.4,6432,82579840,100,0,370.65,17.58,6516.027,2024-02-22 13:36:13-06:00,3,13,36,13
132,2024-02-22 19:36:14,26.75,1,0,60.01,10,0,-100,240.4,655.35,4,0,6432.015,563.25,14,0,0,614.4,6432,82579840,100,0,370.6,17.39,6444.734,2024-02-22 13:36:14-06:00,3,13,36,14
133,2024-02-22 19:36:15,26.31,1,0,60.01,10,0,-100,240.4,655.35,4,0,6326.016,563.25,14,0,0,614.4,6326,82579848,100,0,370.6,17.39,6444.734,2024-02-22 13:36:15-06:00,3,13,36,15
134,2024-02-22 19:36:17,26.2,1,0,60.01,10,0,-100,240.4,655.35,4,0,6298.016,563.25,14,0,0,614.4,6298,82579856,100,0,370.5,17.41,6450.405,2024-02-22 13:36:17-06:00,3,13,36,17
135,2024-02-22 19:36:18,26.4,1,0,60.01,10,0,-100,240.467,655.35,4,0,6346.684,563.25,14.667,0,0,614.4,6346.667,82579856,100,0,370.6,17.76,6581.856,2024-02-22 13:36:18-06:00,3,13,36,18
136,2024-02-22 19:36:19,26.5,1,0,60.01,10,0,-100,240.5,655.35,4,0,6371.018,563.25,15,0,0,614.4,6371,82579856,100,0,370.6,17.76,6581.856,2024-02-22 13:36:19-06:00,3,13,36,19
137,2024-02-22 19:36:20,26.5,1,0,60.01,10,0,-100,240.5,655.35,4,0,6371.018,563.25,15,0,0,614.4,6371,82579856,100,0,370.45,18.04,6682.918,2024-02-22 13:36:20-06:00,3,13,36,20
138,2024-02-22 19:36:22,27.41,1,0,60.01,10,0,-100,240.6,655.35,4,0,6595.024,563.25,18,0,0,614.4,6595,82579864,100,0,370.4,18.38,6807.952,2024-02-22 13:36:22-06:00,3,13,36,22
139,2024-02-22 19:36:23,27.41,1,0,60.01,10,0,-100,240.6,655.35,4,0,6595.024,563.25,18,0,0,614.4,6595,82579864,100,0,370.4,18.38,6807.952,2024-02-22 13:36:23-06:00,3,13,36,23
140,2024-02-22 19:36:24,27.553,1,0,60.01,10,0,-100,240.633,655.35,4,0,6628.691,563.25,18,0,0,614.4,6628.667,82579864,100,0,370.25,18.61,6890.352,2024-02-22 13:36:24-06:00,3,13,36,24
141,2024-02-22 19:36:25,27.84,1,0,60.01,10,0,-100,240.7,655.35,4,0,6696.024,563.25,18,0,0,614.4,6696,82579864,100,0,370.25,18.61,6890.352,2024-02-22 13:36:25-06:00,3,13,36,25
142,2024-02-22 19:36:27,28.21,1,0,60,10,0,-100,240.7,655.35,4,0,6792.021,563.25,17,0,0,614.4,6792,82579872,100,0,370.15,18.87,6984.73,2024-02-22 13:36:27-06:00,3,13,36,27
143,2024-02-22 19:36:28,28.37,1,0,60,10,0,-100,240.8,655.35,4,0,6832.024,563.25,18,0,0,614.4,6832,82579872,100,0,369.95,18.88,6984.656,2024-02-22 13:36:28-06:00,3,13,36,28
144,2024-02-22 19:36:29,28.37,1,0,60,10,0,-100,240.8,655.35,4,0,6832.024,563.25,18,0,0,614.4,6832,82579872,100,0,369.95,18.88,6984.656,2024-02-22 13:36:29-06:00,3,13,36,29
145,2024-02-22 19:36:30,28.377,1,0,60,10,0,-100,240.833,655.35,4,0,6834.69,563.25,17.667,0,0,614.4,6834.667,82579874.667,100,0,369.85,18.87,6979.07,2024-02-22 13:36:30-06:00,3,13,36,30
146,2024-02-22 19:36:31,28.39,1,0,60,10,0,-100,240.9,655.35,4,0,6840.021,563.25,17,0,0,614.4,6840,82579880,100,0,369.85,18.87,6979.07,2024-02-22 13:36:31-06:00,3,13,36,31
147,2024-02-22 19:36:33,28.26,1,0,60,10,0,-100,240.8,655.35,4,0,6806.014,563.25,14,0,0,614.4,6806,82579880,100,0,369.65,18.74,6927.241,2024-02-22 13:36:33-06:00,3,13,36,33
148,2024-02-22 19:36:34,28.11,1,0,60,10,0,-100,240.8,655.35,4,0,6770.024,563.25,18,0,0,614.4,6770,82579888,100,0,369.7,18.72,6920.784,2024-02-22 13:36:34-06:00,3,13,36,34
149,2024-02-22 19:36:35,28.11,1,0,60,10,0,-100,240.8,655.35,4,0,6770.024,563.25,18,0,0,614.4,6770,82579888,100,0,369.7,18.72,6920.784,2024-02-22 13:36:35-06:00,3,13,36,35
150,2024-02-22 19:36:36,28.11,1,0,60,10,0,-100,240.8,655.35,4,0,6770.024,563.25,18,0,0,614.4,6770,82579888,100,0,369.6,18.63,6885.648,2024-02-22 13:36:36-06:00,3,13,36,36
151,2024-02-22 19:36:37,28.07,1,0,60,10,0,-100,240.8,655.35,4,0,6760.015,563.25,14,0,0,614.4,6760,82579896,100,0,369.6,18.63,6885.648,2024-02-22 13:36:37-06:00,3,13,36,37
152,2024-02-22 19:36:39,27.92,1,0,60,10,0,-100,240.8,655.35,4,0,6722.015,563.25,14,0,0,614.4,6722,82579896,100,0,369.5,18.52,6843.14,2024-02-22 13:36:39-06:00,3,13,36,39
153,2024-02-22 19:36:40,27.747,1,0,60,10,0,-100,240.733,655.35,4,0,6676.683,563.25,14.667,0,0,614.4,6676.667,82579896,100,0,370.75,18.24,6762.48,2024-02-22 13:36:40-06:00,3,13,36,40
154,2024-02-22 19:36:41,27.66,1,0,60,10,0,-100,240.7,655.35,4,0,6654.017,563.25,15,0,0,614.4,6654,82579896,100,0,370.75,18.24,6762.48,2024-02-22 13:36:41-06:00,3,13,36,41
155,2024-02-22 19:36:42,27.66,1,0,60,10,0,-100,240.7,655.35,4,0,6654.017,563.25,15,0,0,614.4,6654,82579896,100,0,368.35,18.41,6781.324,2024-02-22 13:36:42-06:00,3,13,36,42
156,2024-02-22 19:36:44,27.68,1,0,60,10,0,-100,240.6,655.35,4,0,6662.019,563.25,16,0,0,614.4,6662,82579904,100,0,370.45,18.4,6816.28,2024-02-22 13:36:44-06:00,3,13,36,44
157,2024-02-22 19:36:45,27.68,1,0,60,10,0,-100,240.6,655.35,4,0,6662.019,563.25,16,0,0,614.4,6662,82579904,100,0,370.45,18.4,6816.28,2024-02-22 13:36:45-06:00,3,13,36,45
158,2024-02-22 19:36:46,27.667,1,0,59.997,10,0,-100,240.6,655.35,4,0,6658.684,563.25,15.333,0,0,614.4,6658.667,82579906.667,100,0,368,18.45,6789.6,2024-02-22 13:36:46-06:00,3,13,36,46
159,2024-02-22 19:36:47,27.64,1,0,59.99,10,0,-100,240.6,655.35,4,0,6652.015,563.25,14,0,0,614.4,6652,82579912,100,0,368,18.45,6789.6,2024-02-22 13:36:47-06:00,3,13,36,47
160,2024-02-22 19:36:49,27.62,1,0,59.99,10,0,-100,240.6,655.35,4,0,6645.015,563.25,14,0,0,614.4,6645,82579912,100,0,370.25,18.35,6794.088,2024-02-22 13:36:49-06:00,3,13,36,49
161,2024-02-22 19:36:50,27.68,1,0,59.99,10,0,-100,240.6,655.35,4,0,6660.015,563.25,14,0,0,614.4,6660,82579920,100,0,369.8,18.46,6826.508,2024-02-22 13:36:50-06:00,3,13,36,50
162,2024-02-22 19:36:51,27.68,1,0,59.99,10,0,-100,240.6,655.35,4,0,6660.015,563.25,14,0,0,614.4,6660,82579920,100,0,369.8,18.46,6826.508,2024-02-22 13:36:51-06:00,3,13,36,51
163,2024-02-22 19:36:52,27.75,1,0,59.99,10,0,-100,240.6,655.35,4,0,6678.016,563.25,14.667,0,0,614.4,6678,82579920,100,0,371.95,18.63,6929.429,2024-02-22 13:36:52-06:00,3,13,36,52
164,2024-02-22 19:36:53,27.89,1,0,59.99,10,0,-100,240.6,655.35,4,0,6714.019,563.25,16,0,0,614.4,6714,82579920,100,0,371.95,18.63,6929.429,2024-02-22 13:36:53-06:00,3,13,36,53
165,2024-02-22 19:36:55,28.02,1,0,59.99,10,0,-100,240.6,655.35,4,0,6744.019,563.25,16,0,0,614.4,6744,82579920,100,0,367.35,18.8,6906.18,2024-02-22 13:36:55-06:00,3,13,36,55
166,2024-02-22 19:36:56,28.147,1,0,59.99,10,0,-100,240.733,655.35,4,0,6777.354,563.25,16.667,0,0,614.4,6777.333,82579925.333,100,0,370.8,18.81,6974.748,2024-02-22 13:36:56-06:00,3,13,36,56
167,2024-02-22 19:36:57,28.21,1,0,59.99,10,0,-100,240.8,655.35,4,0,6794.021,563.25,17,0,0,614.4,6794,82579928,100,0,370.8,18.81,6974.748,2024-02-22 13:36:57-06:00,3,13,36,57
168,2024-02-22 19:36:58,28.21,1,0,59.99,10,0,-100,240.8,655.35,4,0,6794.021,563.25,17,0,0,614.4,6794,82579928,100,0,369,18.96,6996.24,2024-02-22 13:36:58-06:00,3,13,36,58
169,2024-02-22 19:36:59,28.35,1,0,59.99,10,0,-100,240.7,655.35,4,0,6824.014,563.25,14,0,0,614.4,6824,82579928,100,0,369,18.96,6996.24,2024-02-22 13:36:59-06:00,3,13,36,59
170,2024-02-22 19:37:01,28.35,1,0,59.99,10,0,-100,240.7,655.35,4,0,6824.024,563.25,18,0,0,614.4,6824,82579928,100,0,370.1,19.13,7080.013,2024-02-22 13:37:01-06:00,3,13,37,1
171,2024-02-22 19:37:02,28.55,1,0,59.99,10,0,-100,240.767,655.35,4,0,6873.357,563.25,18,0,0,614.4,6873.333,82579933.333,100,0,371,19.19,7119.49,2024-02-22 13:37:02-06:00,3,13,37,2
172,2024-02-22 19:37:03,28.65,1,0,59.99,10,0,-100,240.8,655.35,4,0,6898.023,563.25,18,0,0,614.4,6898,82579936,100,0,371,19.19,7119.49,2024-02-22 13:37:03-06:00,3,13,37,3
173,2024-02-22 19:37:04,28.65,1,0,59.99,10,0,-100,240.8,655.35,4,0,6898.023,563.25,18,0,0,614.4,6898,82579936,100,0,372.25,19.04,7087.64,2024-02-22 13:37:04-06:00,3,13,37,4
174,2024-02-22 19:37:06,28.84,1,0,59.98,10,0,-100,240.8,655.35,4,0,6948.023,563.25,18,0,0,614.4,6948,82579944,100,0,372.25,19.04,7087.64,2024-02-22 13:37:06-06:00,3,13,37,6
175,2024-02-22 19:37:07,28.84,1,0,59.98,10,0,-100,240.8,655.35,4,0,6948.023,563.25,18,0,0,614.4,6948,82579944,100,0,372.25,19.04,7087.64,2024-02-22 13:37:07-06:00,3,13,37,7
176,2024-02-22 19:37:08,28.837,1,0,59.98,10,0,-100,240.8,655.35,4,0,6946.022,563.25,17.667,0,0,614.4,6946,82579946.667,100,0,370.2,19.24,7122.648,2024-02-22 13:37:08-06:00,3,13,37,8
177,2024-02-22 19:37:09,28.83,1,0,59.98,10,0,-100,240.8,655.35,4,0,6942.021,563.25,17,0,0,614.4,6942,82579952,100,0,370.2,19.24,7122.648,2024-02-22 13:37:09-06:00,3,13,37,9
178,2024-02-22 19:37:10,28.83,1,0,59.98,10,0,-100,240.8,655.35,4,0,6942.021,563.25,17,0,0,614.4,6942,82579952,100,0,370.1,19.58,7246.558,2024-02-22 13:37:10-06:00,3,13,37,10
179,2024-02-22 19:37:12,29.26,1,0,59.99,10,0,-100,240.9,655.35,4,0,7048.014,563.25,14,0,0,614.4,7048,82579960,100,0,371.5,19.58,7273.97,2024-02-22 13:37:12-06:00,3,13,37,12
180,2024-02-22 19:37:13,29.26,1,0,59.99,10,0,-100,240.9,655.35,4,0,7048.014,563.25,14,0,0,614.4,7048,82579960,100,0,371.5,19.58,7273.97,2024-02-22 13:37:13-06:00,3,13,37,13
181,2024-02-22 19:37:14,29.347,1,0,59.99,10,0,-100,240.9,655.35,4,0,7070.017,563.25,15.333,0,0,614.4,7070,82579960,100,0,369.6,19.6,7244.16,2024-02-22 13:37:14-06:00,3,13,37,14
182,2024-02-22 19:37:15,29.52,1,0,59.99,10,0,-100,240.9,655.35,4,0,7114.023,563.25,18,0,0,614.4,7114,82579960,100,0,369.6,19.6,7244.16,2024-02-22 13:37:15-06:00,3,13,37,15
183,2024-02-22 19:37:17,29.61,1,0,59.99,10,0,-100,241,655.35,4,0,7138.018,563.25,16,0,0,614.4,7138,82579960,100,0,371.05,19.71,7313.396,2024-02-22 13:37:17-06:00,3,13,37,17
184,2024-02-22 19:37:18,29.49,1,0,60,10,0,-100,241,655.35,4,0,7112.016,563.25,15,0,0,614.4,7112,82579968,100,0,371.25,19.33,7176.262,2024-02-22 13:37:18-06:00,3,13,37,18
185,2024-02-22 19:37:19,29.49,1,0,60,10,0,-100,241,655.35,4,0,7112.016,563.25,15,0,0,614.4,7112,82579968,100,0,371.25,19.33,7176.262,2024-02-22 13:37:19-06:00,3,13,37,19
186,2024-02-22 19:37:20,29.42,1,0,60,10,0,-100,240.967,655.35,4,0,7094.018,563.25,16,0,0,614.4,7094,82579970.667,100,0,372.3,19.49,7256.127,2024-02-22 13:37:20-06:00,3,13,37,20
187,2024-02-22 19:37:21,29.28,1,0,60,10,0,-100,240.9,655.35,4,0,7058.023,563.25,18,0,0,614.4,7058,82579976,100,0,372.3,19.49,7256.127,2024-02-22 13:37:21-06:00,3,13,37,21
188,2024-02-22 19:37:23,29.31,1,0,60,10,0,-100,240.9,655.35,4,0,7062.021,563.25,17,0,0,614.4,7062,82579976,100,0,368.35,19.66,7241.761,2024-02-22 13:37:23-06:00,3,13,37,23
189,2024-02-22 19:37:24,29.45,1,0,60,10,0,-100,240.9,655.35,4,0,7094.022,563.25,17.667,0,0,614.4,7094,82579981.333,100,0,368.8,19.72,7272.736,2024-02-22 13:37:24-06:00,3,13,37,24
190,2024-02-22 19:37:25,29.52,1,0,60,10,0,-100,240.9,655.35,4,0,7110.023,563.25,18,0,0,614.4,7110,82579984,100,0,368.8,19.72,7272.736,2024-02-22 13:37:25-06:00,3,13,37,25
191,2024-02-22 19:37:26,29.52,1,0,60,10,0,-100,240.9,655.35,4,0,7110.023,563.25,18,0,0,614.4,7110,82579984,100,0,371.7,19.57,7274.169,2024-02-22 13:37:26-06:00,3,13,37,26
192,2024-02-22 19:37:27,29.64,1,0,60,10,0,-100,241,655.35,4,0,7148.022,563.25,18,0,0,614.4,7148,82579984,100,0,371.7,19.57,7274.169,2024-02-22 13:37:27-06:00,3,13,37,27
193,2024-02-22 19:37:29,29.45,1,0,60,10,0,-100,240.9,655.35,4,0,7098.023,563.25,18,0,0,614.4,7098,82579992,100,0,371.1,19.5,7236.45,2024-02-22 13:37:29-06:00,3,13,37,29
194,2024-02-22 19:37:30,29.023,1,0,60,10,0,-100,240.833,655.35,4,0,6992.685,563.25,16,0,0,614.4,6992.667,82579992,100,0,368.3,18.65,6868.795,2024-02-22 13:37:30-06:00,3,13,37,30
195,2024-02-22 19:37:31,28.81,1,0,60,10,0,-100,240.8,655.35,4,0,6940.016,563.25,15,0,0,614.4,6940,82579992,100,0,368.3,18.65,6868.795,2024-02-22 13:37:31-06:00,3,13,37,31
196,2024-02-22 19:37:32,28.81,1,0,60,10,0,-100,240.8,655.35,4,0,6940.016,563.25,15,0,0,614.4,6940,82579992,100,0,370.95,17.96,6662.262,2024-02-22 13:37:32-06:00,3,13,37,32
197,2024-02-22 19:37:34,26.37,1,0,60,10,0,-100,240.2,655.35,4,0,6318.016,563.25,14,0,0,614.4,6318,82580000,100,0,366,17.42,6375.72,2024-02-22 13:37:34-06:00,3,13,37,34
198,2024-02-22 19:37:35,26.37,1,0,60,10,0,-100,240.2,655.35,4,0,6318.016,563.25,14,0,0,614.4,6318,82580000,100,0,366,17.42,6375.72,2024-02-22 13:37:35-06:00,3,13,37,35
199,2024-02-22 19:37:36,26.137,1,0,60,10,0,-100,240.133,655.35,4,0,6268.682,563.25,14,0,0,614.4,6268.667,82580005.333,100,0,369.8,17.39,6430.822,2024-02-22 13:37:36-06:00,3,13,37,36
200,2024-02-22 19:37:37,26.02,1,0,60,10,0,-100,240.1,655.35,4,0,6244.016,563.25,14,0,0,614.4,6244,82580008,100,0,369.8,17.39,6430.822,2024-02-22 13:37:37-06:00,3,13,37,37
201,2024-02-22 19:37:38,26.02,1,0,60,10,0,-100,240.1,655.35,4,0,6244.016,563.25,14,0,0,614.4,6244,82580008,100,0,366.3,17.82,6527.466,2024-02-22 13:37:38-06:00,3,13,37,38
202,2024-02-22 19:37:40,26.77,1,0,60,10,0,-100,240.2,655.35,4,0,6438.015,563.25,14,0,0,614.4,6438,82580016,100,0,369.35,17.81,6578.124,2024-02-22 13:37:40-06:00,3,13,37,40
203,2024-02-22 19:37:41,26.77,1,0,60,10,0,-100,240.2,655.35,4,0,6438.015,563.25,14,0,0,614.4,6438,82580016,100,0,369.35,17.81,6578.124,2024-02-22 13:37:41-06:00,3,13,37,41
204,2024-02-22 19:37:42,26.63,1,0,60,10,0,-100,240.2,655.35,4,0,6401.348,563.25,13.667,0,0,614.4,6401.333,82580016,100,0,365.95,17.42,6374.849,2024-02-22 13:37:42-06:00,3,13,37,42
205,2024-02-22 19:37:43,26.35,1,0,60,10,0,-100,240.2,655.35,4,0,6328.013,563.25,13,0,0,614.4,6328,82580016,100,0,365.95,17.42,6374.849,2024-02-22 13:37:43-06:00,3,13,37,43
206,2024-02-22 19:37:45,25.9,1,0,60,10,0,-100,240,655.35,4,0,6218.014,563.25,13,0,0,614.4,6218,82580016,100,0,369.3,17.28,6381.504,2024-02-22 13:37:45-06:00,3,13,37,45
207,2024-02-22 19:37:46,26.087,1,0,59.993,10,0,-100,240.067,655.35,4,0,6268.682,563.25,13.667,0,0,614.4,6268.667,82580021.333,100,0,366.1,17.82,6523.902,2024-02-22 13:37:46-06:00,3,13,37,46
208,2024-02-22 19:37:47,26.18,1,0,59.99,10,0,-100,240.1,655.35,4,0,6294.016,563.25,14,0,0,614.4,6294,82580024,100,0,366.1,17.82,6523.902,2024-02-22 13:37:47-06:00,3,13,37,47
209,2024-02-22 19:37:48,26.42,1,0,59.993,10,0,-100,240.167,655.35,4,0,6355.349,563.25,14,0,0,614.4,6355.333,82580024,100,0,370.95,17.68,6558.396,2024-02-22 13:37:48-06:00,3,13,37,48
210,2024-02-22 19:37:49,26.9,1,0,60,10,0,-100,240.3,655.35,4,0,6478.015,563.25,14,0,0,614.4,6478,82580024,100,0,370.95,17.68,6558.396,2024-02-22 13:37:49-06:00,3,13,37,49
211,2024-02-22 19:37:51,26.58,1,0,60,10,0,-100,240.3,655.35,4,0,6388.015,563.25,14,0,0,614.4,6388,82580032,100,0,371.2,17.64,6547.968,2024-02-22 13:37:51-06:00,3,13,37,51
212,2024-02-22 19:37:52,26.43,1,0,60,10,0,-100,240.25,655.35,4,0,6388.015,563.25,14,0,0,614.4,6351,82580032,100,0,365.95,17.56,6426.082,2024-02-22 13:37:52-06:00,3,13,37,52
213,2024-02-22 19:37:53,26.28,1,0,60,10,0,-100,240.2,655.35,4,0,6388.015,563.25,14,0,0,614.4,6314,82580032,100,0,365.95,17.56,6426.082,2024-02-22 13:37:53-06:00,3,13,37,53
214,2024-02-22 19:37:54,26.28,1,0,60,10,0,-100,240.2,655.35,4,0,6388.015,563.25,14,0,0,614.4,6314,82580032,100,0,369,17.19,6343.11,2024-02-22 13:37:54-06:00,3,13,37,54
215,2024-02-22 19:37:56,26.03,1,0,60,10,0,-100,240.2,655.35,4,0,6262.016,563.25,14,0,0,614.4,6262,82580040,100,0,369,17.19,6343.11,2024-02-22 13:37:56-06:00,3,13,37,56
216,2024-02-22 19:37:57,26.03,1,0,60,10,0,-100,240.2,655.35,4,0,6262.016,563.25,14,0,0,614.4,6262,82580040,100,0,369,17.19,6343.11,2024-02-22 13:37:57-06:00,3,13,37,57
217,2024-02-22 19:37:58,25.863,1,0,60,10,0,-100,240.167,655.35,4,0,6220.682,563.25,14,0,0,614.4,6220.667,82580040,100,0,368.05,16.84,6197.962,2024-02-22 13:37:58-06:00,3,13,37,58
218,2024-02-22 19:37:59,25.53,1,0,60,10,0,-100,240.1,655.35,4,0,6138.016,563.25,14,0,0,614.4,6138,82580040,100,0,368.05,16.84,6197.962,2024-02-22 13:37:59-06:00,3,13,37,59
219,2024-02-22 19:38:01,25.48,1,0,60,10,0,-100,240.2,655.35,4,0,6128.016,563.25,14,0,0,614.4,6128,82580048,100,0,371.4,17.51,6503.214,2024-02-22 13:38:01-06:00,3,13,38,1
220,2024-02-22 19:38:02,25.95,1,0,60,10,0,-100,240.2,655.35,4,0,6228.016,563.25,14,0,0,614.4,6228,82580048,100,0,368.55,17.51,6453.31,2024-02-22 13:38:02-06:00,3,13,38,2
221,2024-02-22 19:38:03,25.95,1,0,60,10,0,-100,240.2,655.35,4,0,6228.016,563.25,14,0,0,614.4,6228,82580048,100,0,368.55,17.51,6453.31,2024-02-22 13:38:03-06:00,3,13,38,3
222,2024-02-22 19:38:04,26.133,1,0,60,10,0,-100,240.233,655.35,4,0,6273.349,563.25,14,0,0,614.4,6273.333,82580050.667,100,0,370.9,17.57,6516.713,2024-02-22 13:38:04-06:00,3,13,38,4
223,2024-02-22 19:38:05,26.5,1,0,60,10,0,-100,240.3,655.35,4,0,6364.016,563.25,14,0,0,614.4,6364,82580056,100,0,370.9,17.57,6516.713,2024-02-22 13:38:05-06:00,3,13,38,5
224,2024-02-22 19:38:07,26.54,1,0,60,10,0,-100,240.3,655.35,4,0,6378.015,563.25,14,0,0,614.4,6378,82580056,100,0,370.55,17.54,6499.447,2024-02-22 13:38:07-06:00,3,13,38,7
225,2024-02-22 19:38:08,26.227,1,0,60,10,0,-100,240.3,655.35,4,0,6304.68,563.25,12.667,0,0,614.4,6304.667,82580056,100,0,370.6,17.09,6333.554,2024-02-22 13:38:08-06:00,3,13,38,8
226,2024-02-22 19:38:09,26.07,1,0,60,10,0,-100,240.3,655.35,4,0,6268.012,563.25,12,0,0,614.4,6268,82580056,100,0,370.6,17.09,6333.554,2024-02-22 13:38:09-06:00,3,13,38,9
227,2024-02-22 19:38:10,26.07,1,0,60,10,0,-100,240.3,655.35,4,0,6268.012,563.25,12,0,0,614.4,6268,82580056,100,0,370.45,17.29,6405.08,2024-02-22 13:38:10-06:00,3,13,38,10
228,2024-02-22 19:38:11,25.88,1,0,60,10,0,-100,240.2,655.35,4,0,6218.014,563.25,13,0,0,614.4,6218,82580064,100,0,370.45,17.29,6405.08,2024-02-22 13:38:11-06:00,3,13,38,11
229,2024-02-22 19:38:13,25.97,1,0,60,10,0,-100,240.2,655.35,4,0,6238.018,563.25,15,0,0,614.4,6238,82580064,100,0,368.15,17.27,6357.95,2024-02-22 13:38:13-06:00,3,13,38,13
230,2024-02-22 19:38:14,26.137,1,0,60,10,0,-100,240.267,655.35,4,0,6278.02,563.25,15.667,0,0,614.4,6278,82580069.333,100,0,369.6,17.59,6501.264,2024-02-22 13:38:14-06:00,3,13,38,14
231,2024-02-22 19:38:15,26.22,1,0,60,10,0,-100,240.3,655.35,4,0,6298.021,563.25,16,0,0,614.4,6298,82580072,100,0,369.6,17.59,6501.264,2024-02-22 13:38:15-06:00,3,13,38,15
232,2024-02-22 19:38:16,26.22,1,0,60,10,0,-100,240.3,655.35,4,0,6298.021,563.25,16,0,0,614.4,6298,82580072,100,0,369.55,17.33,6404.301,2024-02-22 13:38:16-06:00,3,13,38,16
233,2024-02-22 19:38:17,26.34,1,0,60,10,0,-100,240.4,655.35,4,0,6330.02,563.25,16,0,0,614.4,6330,82580072,100,0,369.55,17.33,6404.301,2024-02-22 13:38:17-06:00,3,13,38,17
234,2024-02-22 19:38:19,25.96,1,0,60,10,0,-100,240.2,655.35,4,0,6238.018,563.25,15,0,0,614.4,6238,82580080,100,0,369.2,17.32,6394.544,2024-02-22 13:38:19-06:00,3,13,38,19
235,2024-02-22 19:38:20,26,1,0,60,10,0,-100,240.2,655.35,4,0,6242.017,563.25,14.5,0,0,614.4,6242,82580080,100,0,367.6,17.42,6403.592,2024-02-22 13:38:20-06:00,3,13,38,20
236,2024-02-22 19:38:21,26.04,1,0,60,10,0,-100,240.2,655.35,4,0,6246.016,563.25,14,0,0,614.4,6246,82580080,100,0,367.6,17.42,6403.592,2024-02-22 13:38:21-06:00,3,13,38,21
237,2024-02-22 19:38:22,26.04,1,0,60,10,0,-100,240.2,655.35,4,0,6246.016,563.25,14,0,0,614.4,6246,82580080,100,0,370.65,18.2,6745.83,2024-02-22 13:38:22-06:00,3,13,38,22
238,2024-02-22 19:38:24,28,1,0,60,10,0,-100,240.5,655.35,4,0,6736.017,563.25,15,0,0,614.4,6736,82580088,100,0,370.5,18.93,7013.565,2024-02-22 13:38:24-06:00,3,13,38,24
239,2024-02-22 19:38:25,28,1,0,60,10,0,-100,240.5,655.35,4,0,6736.017,563.25,15,0,0,614.4,6736,82580088,100,0,370.5,18.93,7013.565,2024-02-22 13:38:25-06:00,3,13,38,25
240,2024-02-22 19:38:26,28.3,1,0,60,10,0,-100,240.567,655.35,4,0,6808.682,563.25,14.667,0,0,614.4,6808.667,82580088,100,0,370.25,19.4,7182.85,2024-02-22 13:38:26-06:00,3,13,38,26
241,2024-02-22 19:38:27,28.9,1,0,60,10,0,-100,240.7,655.35,4,0,6954.014,563.25,14,0,0,614.4,6954,82580088,100,0,370.25,19.4,7182.85,2024-02-22 13:38:27-06:00,3,13,38,27
242,2024-02-22 19:38:28,28.9,1,0,60,10,0,-100,240.7,655.35,4,0,6954.014,563.25,14,0,0,614.4,6954,82580088,100,0,370,19.39,7174.3,2024-02-22 13:38:28-06:00,3,13,38,28
243,2024-02-22 19:38:30,29.17,1,0,60,10,0,-100,240.7,655.35,4,0,7022.021,563.25,17,0,0,614.4,7022,82580104,100,0,369.9,19.43,7187.157,2024-02-22 13:38:30-06:00,3,13,38,30
244,2024-02-22 19:38:31,29.17,1,0,60,10,0,-100,240.7,655.35,4,0,7022.021,563.25,17,0,0,614.4,7022,82580104,100,0,369.9,19.43,7187.157,2024-02-22 13:38:31-06:00,3,13,38,31
245,2024-02-22 19:38:32,29.173,1,0,59.997,10,0,-100,240.7,655.35,4,0,7023.352,563.25,16,0,0,614.4,7023.333,82580104,100,0,369.8,19.41,7177.818,2024-02-22 13:38:32-06:00,3,13,38,32
246,2024-02-22 19:38:33,29.18,1,0,59.99,10,0,-100,240.7,655.35,4,0,7026.014,563.25,14,0,0,614.4,7026,82580104,100,0,369.8,19.41,7177.818,2024-02-22 13:38:33-06:00,3,13,38,33
247,2024-02-22 19:38:35,29.24,1,0,59.99,10,0,-100,240.7,655.35,4,0,7035.021,563.25,17,0,0,614.4,7035,82580112,100,0,369.85,19.45,7193.583,2024-02-22 13:38:35-06:00,3,13,38,35
248,2024-02-22 19:38:36,29.187,1,0,59.99,10,0,-100,240.767,655.35,4,0,7025.022,563.25,17.667,0,0,614.4,7025,82580112,100,0,369.7,19.34,7149.998,2024-02-22 13:38:36-06:00,3,13,38,36
249,2024-02-22 19:38:37,29.16,1,0,59.99,10,0,-100,240.8,655.35,4,0,7020.023,563.25,18,0,0,614.4,7020,82580112,100,0,369.7,19.34,7149.998,2024-02-22 13:38:37-06:00,3,13,38,37
250,2024-02-22 19:38:38,29.117,1,0,59.99,10,0,-100,240.8,655.35,4,0,7011.353,563.25,16.667,0,0,614.4,7011.333,82580114.667,100,0,369.7,19.34,7149.998,2024-02-22 13:38:38-06:00,3,13,38,38
251,2024-02-22 19:38:39,29.03,1,0,59.99,10,0,-100,240.8,655.35,4,0,6994.014,563.25,14,0,0,614.4,6994,82580120,100,0,369.7,19.34,7149.998,2024-02-22 13:38:39-06:00,3,13,38,39
252,2024-02-22 19:38:41,28.97,1,0,59.99,10,0,-100,240.7,655.35,4,0,6974.023,563.25,18,0,0,614.4,6974,82580120,100,0,369.55,19.22,7102.751,2024-02-22 13:38:41-06:00,3,13,38,41
253,2024-02-22 19:38:42,28.91,1,0,59.983,10,0,-100,240.7,655.35,4,0,6956.69,563.25,18,0,0,614.4,6956.667,82580120,100,0,369.5,19.24,7109.18,2024-02-22 13:38:42-06:00,3,13,38,42
254,2024-02-22 19:38:43,28.88,1,0,59.98,10,0,-100,240.7,655.35,4,0,6948.023,563.25,18,0,0,614.4,6948,82580120,100,0,369.5,19.24,7109.18,2024-02-22 13:38:43-06:00,3,13,38,43
255,2024-02-22 19:38:44,28.88,1,0,59.98,10,0,-100,240.7,655.35,4,0,6948.023,563.25,18,0,0,614.4,6948,82580120,100,0,369.3,19.14,7068.402,2024-02-22 13:38:44-06:00,3,13,38,44
256,2024-02-22 19:38:45,28.79,1,0,59.98,10,0,-100,240.7,655.35,4,0,6930.021,563.25,17,0,0,614.4,6930,82580120,100,0,369.3,19.14,7068.402,2024-02-22 13:38:45-06:00,3,13,38,45
257,2024-02-22 19:38:47,28.76,1,0,59.98,10,0,-100,240.6,655.35,4,0,6922.021,563.25,17,0,0,614.4,6922,82580128,100,0,369.3,19.18,7083.174,2024-02-22 13:38:47-06:00,3,13,38,47
258,2024-02-22 19:38:48,28.76,1,0,59.98,10,0,-100,240.6,655.35,4,0,6922.021,563.25,17,0,0,614.4,6922,82580133.333,100,0,368.9,19.09,7042.301,2024-02-22 13:38:48-06:00,3,13,38,48
259,2024-02-22 19:38:49,28.76,1,0,59.98,10,0,-100,240.6,655.35,4,0,6922.021,563.25,17,0,0,614.4,6922,82580136,100,0,368.9,19.09,7042.301,2024-02-22 13:38:49-06:00,3,13,38,49
260,2024-02-22 19:38:50,28.76,1,0,59.98,10,0,-100,240.6,655.35,4,0,6922.021,563.25,17,0,0,614.4,6922,82580136,100,0,369.45,19.08,7049.106,2024-02-22 13:38:50-06:00,3,13,38,50
261,2024-02-22 19:38:51,28.73,1,0,59.98,10,0,-100,240.6,655.35,4,0,6912.019,563.25,16,0,0,614.4,6912,82580136,100,0,369.45,19.08,7049.106,2024-02-22 13:38:51-06:00,3,13,38,51
262,2024-02-22 19:38:53,28.62,1,0,59.98,10,0,-100,240.6,655.35,4,0,6890.019,563.25,16,0,0,614.4,6890,82580144,100,0,369.1,19.08,7042.428,2024-02-22 13:38:53-06:00,3,13,38,53
263,2024-02-22 19:38:54,28.527,1,0,59.98,10,0,-100,240.6,655.35,4,0,6867.355,563.25,17.333,0,0,614.4,6867.333,82580144,100,0,368.95,18.94,6987.913,2024-02-22 13:38:54-06:00,3,13,38,54
264,2024-02-22 19:38:55,28.48,1,0,59.98,10,0,-100,240.6,655.35,4,0,6856.023,563.25,18,0,0,614.4,6856,82580144,100,0,368.95,18.94,6987.913,2024-02-22 13:38:55-06:00,3,13,38,55
265,2024-02-22 19:38:56,28.48,1,0,59.98,10,0,-100,240.6,655.35,4,0,6856.023,563.25,18,0,0,614.4,6856,82580144,100,0,368.9,18.9,6972.21,2024-02-22 13:38:56-06:00,3,13,38,56
266,2024-02-22 19:38:58,28.25,1,0,59.98,10,0,-100,240.6,655.35,4,0,6800.024,563.25,18,0,0,614.4,6800,82580152,100,0,368.8,18.8,6933.44,2024-02-22 13:38:58-06:00,3,13,38,58
267,2024-02-22 19:38:59,28.25,1,0,59.98,10,0,-100,240.6,655.35,4,0,6800.024,563.25,18,0,0,614.4,6800,82580152,100,0,368.8,18.8,6933.44,2024-02-22 13:38:59-06:00,3,13,38,59
268,2024-02-22 19:39:00,28.223,1,0,59.98,10,0,-100,240.567,655.35,4,0,6792.023,563.25,17.667,0,0,614.4,6792,82580152,100,0,368.8,18.8,6933.44,2024-02-22 13:39:00-06:00,3,13,39,0
269,2024-02-22 19:39:01,28.17,1,0,59.98,10,0,-100,240.5,655.35,4,0,6776.021,563.25,17,0,0,614.4,6776,82580152,100,0,368.8,18.8,6933.44,2024-02-22 13:39:01-06:00,3,13,39,1
270,2024-02-22 19:39:03,28.04,1,0,59.98,10,0,-100,240.5,655.35,4,0,6746.021,563.25,17,0,0,614.4,6746,82580160,100,0,368.7,18.58,6850.446,2024-02-22 13:39:03-06:00,3,13,39,3
271,2024-02-22 19:39:04,27.8,1,0,59.98,10,0,-100,240.5,655.35,4,0,6688.017,563.25,15,0,0,614.4,6688,82580160,100,0,368.65,18.5,6820.025,2024-02-22 13:39:04-06:00,3,13,39,4
272,2024-02-22 19:39:05,27.8,1,0,59.98,10,0,-100,240.5,655.35,4,0,6688.017,563.25,15,0,0,614.4,6688,82580160,100,0,368.65,18.5,6820.025,2024-02-22 13:39:05-06:00,3,13,39,5
273,2024-02-22 19:39:06,27.8,1,0,59.98,10,0,-100,240.5,655.35,4,0,6688.017,563.25,15,0,0,614.4,6688,82580160,100,0,368.55,18.27,6733.408,2024-02-22 13:39:06-06:00,3,13,39,6
274,2024-02-22 19:39:07,27.53,1,0,59.98,10,0,-100,240.5,655.35,4,0,6624.024,563.25,18,0,0,614.4,6624,82580168,100,0,368.55,18.27,6733.408,2024-02-22 13:39:07-06:00,3,13,39,7
275,2024-02-22 19:39:09,27.24,1,0,59.98,10,0,-100,240.4,655.35,4,0,6550.02,563.25,16,0,0,614.4,6550,82580176,100,0,368.6,18.09,6667.974,2024-02-22 13:39:09-06:00,3,13,39,9
276,2024-02-22 19:39:10,27.02,1,0,59.98,10,0,-100,240.333,655.35,4,0,6500.685,563.25,15.333,0,0,614.4,6500.667,82580176,100,0,368.45,17.82,6565.779,2024-02-22 13:39:10-06:00,3,13,39,10
277,2024-02-22 19:39:11,26.91,1,0,59.98,10,0,-100,240.3,655.35,4,0,6476.017,563.25,15,0,0,614.4,6476,82580176,100,0,368.45,17.82,6565.779,2024-02-22 13:39:11-06:00,3,13,39,11
278,2024-02-22 19:39:12,26.91,1,0,59.98,10,0,-100,240.3,655.35,4,0,6476.017,563.25,15,0,0,614.4,6476,82580176,100,0,368.45,17.73,6532.619,2024-02-22 13:39:12-06:00,3,13,39,12
279,2024-02-22 19:39:13,26.59,1,0,59.98,10,0,-100,240.4,655.35,4,0,6394.018,563.25,15,0,0,614.4,6394,82580184,100,0,368.45,17.73,6532.619,2024-02-22 13:39:13-06:00,3,13,39,13
280,2024-02-22 19:39:15,26.49,1,0,59.98,10,0,-100,240.3,655.35,4,0,6365.018,563.25,15,0,0,614.4,6365,82580184,100,0,368.4,17.62,6491.208,2024-02-22 13:39:15-06:00,3,13,39,15
281,2024-02-22 19:39:16,26.477,1,0,59.98,10,0,-100,240.233,655.35,4,0,6361.683,563.25,14.333,0,0,614.4,6361.667,82580184,100,0,368.35,17.67,6508.745,2024-02-22 13:39:16-06:00,3,13,39,16
282,2024-02-22 19:39:17,26.47,1,0,59.98,10,0,-100,240.2,655.35,4,0,6360.016,563.25,14,0,0,614.4,6360,82580184,100,0,368.35,17.67,6508.745,2024-02-22 13:39:17-06:00,3,13,39,17
283,2024-02-22 19:39:18,26.47,1,0,59.98,10,0,-100,240.2,655.35,4,0,6360.016,563.25,14,0,0,614.4,6360,82580184,100,0,368.25,17.63,6492.248,2024-02-22 13:39:18-06:00,3,13,39,18
284,2024-02-22 19:39:20,26.42,1,0,59.98,10,0,-100,240.2,655.35,4,0,6348.016,563.25,14,0,0,614.4,6348,82580192,100,0,368.25,17.65,6499.612,2024-02-22 13:39:20-06:00,3,13,39,20
285,2024-02-22 19:39:21,26.42,1,0,59.98,10,0,-100,240.2,655.35,4,0,6348.016,563.25,14,0,0,614.4,6348,82580192,100,0,368.25,17.65,6499.612,2024-02-22 13:39:21-06:00,3,13,39,21
286,2024-02-22 19:39:22,26.41,1,0,59.98,10,0,-100,240.2,655.35,4,0,6344.682,563.25,14,0,0,614.4,6344.667,82580194.667,100,0,368.15,17.57,6468.396,2024-02-22 13:39:22-06:00,3,13,39,22
287,2024-02-22 19:39:23,26.39,1,0,59.98,10,0,-100,240.2,655.35,4,0,6338.016,563.25,14,0,0,614.4,6338,82580200,100,0,368.15,17.57,6468.396,2024-02-22 13:39:23-06:00,3,13,39,23
288,2024-02-22 19:39:25,26.38,1,0,59.98,10,0,-100,240.2,655.35,4,0,6337.016,563.25,14,0,0,614.4,6337,82580200,100,0,368.15,17.63,6490.485,2024-02-22 13:39:25-06:00,3,13,39,25
289,2024-02-22 19:39:26,26.41,1,0,59.97,10,0,-100,240.2,655.35,4,0,6347.015,563.25,14,0,0,614.4,6347,82580208,100,0,368.05,17.62,6485.041,2024-02-22 13:39:26-06:00,3,13,39,26
290,2024-02-22 19:39:27,26.41,1,0,59.97,10,0,-100,240.2,655.35,4,0,6347.015,563.25,14,0,0,614.4,6347,82580208,100,0,368.05,17.62,6485.041,2024-02-22 13:39:27-06:00,3,13,39,27
291,2024-02-22 19:39:28,26.423,1,0,59.973,10,0,-100,240.233,655.35,4,0,6350.015,563.25,14,0,0,614.4,6350,82580208,100,0,368,17.73,6524.64,2024-02-22 13:39:28-06:00,3,13,39,28
292,2024-02-22 19:39:29,26.45,1,0,59.98,10,0,-100,240.3,655.35,4,0,6356.016,563.25,14,0,0,614.4,6356,82580208,100,0,368,17.73,6524.64,2024-02-22 13:39:29-06:00,3,13,39,29
293,2024-02-22 19:39:31,26.54,1,0,59.98,10,0,-100,240.2,655.35,4,0,6374.02,563.25,16,0,0,614.4,6374,82580216,100,0,368,17.71,6517.28,2024-02-22 13:39:31-06:00,3,13,39,31
294,2024-02-22 19:39:32,26.58,1,0,59.98,10,0,-100,240.2,655.35,4,0,6386.018,563.25,15,0,0,614.4,6386,82580216,100,0,367.95,17.81,6553.19,2024-02-22 13:39:32-06:00,3,13,39,32
295,2024-02-22 19:39:33,26.58,1,0,59.98,10,0,-100,240.2,655.35,4,0,6386.018,563.25,15,0,0,614.4,6386,82580216,100,0,367.95,17.81,6553.19,2024-02-22 13:39:33-06:00,3,13,39,33
296,2024-02-22 19:39:34,26.617,1,0,59.98,10,0,-100,240.233,655.35,4,0,6395.352,563.25,15.333,0,0,614.4,6395.333,82580216,100,0,367.9,17.87,6574.373,2024-02-22 13:39:34-06:00,3,13,39,34
297,2024-02-22 19:39:35,26.69,1,0,59.98,10,0,-100,240.3,655.35,4,0,6414.02,563.25,16,0,0,614.4,6414,82580216,100,0,367.9,17.87,6574.373,2024-02-22 13:39:35-06:00,3,13,39,35
298,2024-02-22 19:39:37,26.85,1,0,59.97,10,0,-100,240.3,655.35,4,0,6452.018,563.25,15,0,0,614.4,6452,82580216,100,0,367.85,18.01,6624.979,2024-02-22 13:39:37-06:00,3,13,39,37
299,2024-02-22 19:39:38,26.85,1,0,59.97,10,0,-100,240.3,655.35,4,0,6452.016,563.25,14.333,0,0,614.4,6452,82580221.333,100,0,366.55,17.92,6568.576,2024-02-22 13:39:38-06:00,3,13,39,38
300,2024-02-22 19:39:39,26.85,1,0,59.97,10,0,-100,240.3,655.35,4,0,6452.015,563.25,14,0,0,614.4,6452,82580224,100,0,366.55,17.92,6568.576,2024-02-22 13:39:39-06:00,3,13,39,39
